track,date
aquis-park-gold-coast-poly,20230103
aquis-park-gold-coast-poly,20230128
aquis-park-gold-coast-poly,20230131
aquis-park-gold-coast-poly,20230204
aquis-park-gold-coast-poly,20230211
aquis-park-gold-coast-poly,20230218
aquis-park-gold-coast-poly,20230225
aquis-park-gold-coast-poly,20230228
aquis-park-gold-coast-poly,20230304
aquis-park-gold-coast-poly,20230311
aquis-park-gold-coast-poly,20230318
aquis-park-gold-coast-poly,20230325
aquis-park-gold-coast-poly,20230328
aquis-park-gold-coast-poly,20230401
aquis-park-gold-coast-poly,20230415
aquis-park-gold-coast-poly,20230422
aquis-park-gold-coast-poly,20230424
aquis-park-gold-coast-poly,20230429
aquis-park-gold-coast-poly,20230513
aquis-park-gold-coast-poly,20230520
aquis-park-gold-coast-poly,20230523
aquis-park-gold-coast-poly,20230603
aquis-park-gold-coast-poly,20230610
aquis-park-gold-coast-poly,20230620
aquis-park-gold-coast-poly,20230624
aquis-park-gold-coast-poly,20230701
aquis-park-gold-coast-poly,20230715
aquis-park-gold-coast-poly,20230718
aquis-park-gold-coast-poly,20230722
aquis-park-gold-coast-poly,20230729
aquis-park-gold-coast-poly,20230731
aquis-park-gold-coast-poly,20230805
ascot,20200104
ascot,20200118
ascot,20200122
ascot,20200125
ascot,20200129
ascot,20200201
ascot,20200212
ascot,20200215
ascot,20200219
ascot,20200222
ascot,20200226
ascot,20200229
ascot,20200307
ascot,20200311
ascot,20200314
ascot,20200318
ascot,20200321
ascot,20200325
ascot,20200328
ascot,20200401
ascot,20200404
ascot,20200410
ascot,20200411
ascot,20200415
ascot,20200418
ascot,20200422
ascot,20200425
ascot,20200429
ascot,20200502
ascot,20200506
ascot,20200509
ascot,20200513
ascot,20200516
ascot,20201010
ascot,20201014
ascot,20201017
ascot,20201021
ascot,20201024
ascot,20201028
ascot,20201031
ascot,20201103
ascot,20201107
ascot,20201111
ascot,20201114
ascot,20201118
ascot,20201121
ascot,20201128
ascot,20201205
ascot,20201209
ascot,20201212
ascot,20201216
ascot,20201219
ascot,20201223
ascot,20201226
ascot,20210102
ascot,20210109
ascot,20210116
ascot,20210120
ascot,20210123
ascot,20210127
ascot,20210130
ascot,20210207
ascot,20210210
ascot,20210213
ascot,20210220
ascot,20210224
ascot,20210227
ascot,20210307
ascot,20210310
ascot,20210313
ascot,20210317
ascot,20210320
ascot,20210324
ascot,20210327
ascot,20210402
ascot,20210403
ascot,20210410
ascot,20210414
ascot,20210417
ascot,20210421
ascot,20210424
ascot,20210428
ascot,20210501
ascot,20210505
ascot,20210508
ascot,20210512
ascot,20210515
ascot,20211009
ascot,20211013
ascot,20211016
ascot,20211023
ascot,20211030
ascot,20211102
ascot,20211106
ascot,20211110
ascot,20211113
ascot,20211120
ascot,20211127
ascot,20211204
ascot,20211208
ascot,20211211
ascot,20211218
ascot,20211222
ascot,20220101
ascot,20220108
ascot,20220115
ascot,20220124
ascot,20220129
ascot,20220212
ascot,20220219
ascot,20220223
ascot,20220226
ascot,20220302
ascot,20220305
ascot,20220309
ascot,20220312
ascot,20220313
ascot,20220316
ascot,20220319
ascot,20220323
ascot,20220326
ascot,20220331
ascot,20220402
ascot,20220406
ascot,20220409
ascot,20220415
ascot,20220416
ascot,20220420
ascot,20220423
ascot,20220425
ascot,20220430
ascot,20220504
ascot,20220507
ascot,20221008
ascot,20221012
ascot,20221015
ascot,20221019
ascot,20221022
ascot,20221026
ascot,20221029
ascot,20221101
ascot,20221103
ascot,20221105
ascot,20221109
ascot,20221112
ascot,20221119
ascot,20221126
ascot,20221203
ascot,20221207
ascot,20221210
ascot,20221217
ascot,20221221
ascot,20221224
ascot,20221228
ascot,20230101
ascot,20230107
ascot,20230114
ascot,20230121
ascot,20230128
ascot,20230205
ascot,20230211
ascot,20230215
ascot,20230222
ascot,20230225
ascot,20230301
ascot,20230304
ascot,20230311
ascot,20230312
ascot,20230318
ascot,20230325
ascot,20230401
ascot,20230407
ascot,20230408
ascot,20230415
ascot,20230419
ascot,20230422
ascot,20230425
ascot,20230429
ascot,20230503
ascot,20230506
ascot,20230508
flemington,20200101
flemington,20200111
flemington,20200118
flemington,20200209
flemington,20200215
flemington,20200229
flemington,20200304
flemington,20200425
flemington,20200516
flemington,20200523
flemington,20200620
flemington,20200704
flemington,20200718
flemington,20200820
flemington,20200912
flemington,20200923
flemington,20201003
flemington,20201031
flemington,20201103
flemington,20201105
flemington,20201107
flemington,20201212
flemington,20201219
flemington,20210101
flemington,20210109
flemington,20210116
flemington,20210129
flemington,20210213
flemington,20210227
flemington,20210306
flemington,20210425
flemington,20210515
flemington,20210522
flemington,20210605
flemington,20210619
flemington,20210703
flemington,20210717
flemington,20210807
flemington,20210911
flemington,20210922
flemington,20211002
flemington,20211030
flemington,20211102
flemington,20211104
flemington,20211106
flemington,20211211
flemington,20211218
flemington,20220101
flemington,20220115
flemington,20220121
flemington,20220219
flemington,20220305
flemington,20220312
flemington,20220319
flemington,20220425
flemington,20220514
flemington,20220521
flemington,20220604
flemington,20220618
flemington,20220702
flemington,20220716
flemington,20220806
flemington,20220910
flemington,20220918
flemington,20221001
flemington,20221029
flemington,20221101
flemington,20221103
flemington,20221105
flemington,20221217
flemington,20230101
flemington,20230114
flemington,20230123
flemington,20230218
flemington,20230304
flemington,20230311
flemington,20230325
flemington,20230513
flemington,20230520
flemington,20230603
flemington,20230617
flemington,20230701
flemington,20230715
flemington,20230805
canterbury-park,20200103
canterbury-park,20200117
canterbury-park,20200122
canterbury-park,20200131
canterbury-park,20200207
canterbury-park,20200214
canterbury-park,20200221
canterbury-park,20200228
canterbury-park,20200422
canterbury-park,20200506
canterbury-park,20200527
canterbury-park,20200610
canterbury-park,20200624
canterbury-park,20200722
canterbury-park,20200805
canterbury-park,20200819
canterbury-park,20200909
canterbury-park,20200923
canterbury-park,20201005
canterbury-park,20201113
canterbury-park,20201127
canterbury-park,20201211
canterbury-park,20210101
canterbury-park,20210108
canterbury-park,20210122
canterbury-park,20210129
canterbury-park,20210212
canterbury-park,20210219
canterbury-park,20210226
canterbury-park,20210407
canterbury-park,20210421
canterbury-park,20210505
canterbury-park,20210526
canterbury-park,20210609
canterbury-park,20210623
canterbury-park,20210702
canterbury-park,20210714
canterbury-park,20211027
canterbury-park,20211112
canterbury-park,20211126
canterbury-park,20211130
canterbury-park,20211210
canterbury-park,20211217
canterbury-park,20211221
canterbury-park,20220107
canterbury-park,20220121
canterbury-park,20220128
canterbury-park,20220211
canterbury-park,20220218
canterbury-park,20220225
canterbury-park,20220310
canterbury-park,20220330
canterbury-park,20220406
canterbury-park,20220420
canterbury-park,20220504
canterbury-park,20220525
canterbury-park,20220608
canterbury-park,20220622
canterbury-park,20220707
canterbury-park,20220803
canterbury-park,20220817
canterbury-park,20220901
canterbury-park,20220907
canterbury-park,20220921
canterbury-park,20221005
canterbury-park,20221111
canterbury-park,20221125
canterbury-park,20221129
canterbury-park,20221209
canterbury-park,20221216
canterbury-park,20230101
canterbury-park,20230106
canterbury-park,20230120
canterbury-park,20230201
canterbury-park,20230210
canterbury-park,20230217
canterbury-park,20230224
canterbury-park,20230503
canterbury-park,20230505
canterbury-park,20230524
canterbury-park,20230607
canterbury-park,20230621
canterbury-park,20230626
canterbury-park,20230712
canterbury-park,20230726
canterbury-park,20230801
caulfield,20200104
caulfield,20200125
caulfield,20200201
caulfield,20200208
caulfield,20200222
caulfield,20200314
caulfield,20200404
caulfield,20200411
caulfield,20200418
caulfield,20200509
caulfield,20200530
caulfield,20200627
caulfield,20200711
caulfield,20200725
caulfield,20200815
caulfield,20200829
caulfield,20200919
caulfield,20200926
caulfield,20201010
caulfield,20201014
caulfield,20201017
caulfield,20201216
caulfield,20201226
caulfield,20210102
caulfield,20210113
caulfield,20210126
caulfield,20210130
caulfield,20210206
caulfield,20210220
caulfield,20210403
caulfield,20210410
caulfield,20210417
caulfield,20210424
caulfield,20210508
caulfield,20210529
caulfield,20210626
caulfield,20210710
caulfield,20210724
caulfield,20210814
caulfield,20210828
caulfield,20210918
caulfield,20211009
caulfield,20211013
caulfield,20211016
caulfield,20211127
caulfield,20211226
caulfield,20220108
caulfield,20220112
caulfield,20220126
caulfield,20220205
caulfield,20220212
caulfield,20220226
caulfield,20220409
caulfield,20220416
caulfield,20220423
caulfield,20220507
caulfield,20220528
caulfield,20220625
caulfield,20220709
caulfield,20220723
caulfield,20220813
caulfield,20220827
caulfield,20220917
caulfield,20221008
caulfield,20221012
caulfield,20221015
caulfield,20221126
caulfield,20230624
caulfield,20230708
caulfield,20230722
doomben,20200101
doomben,20200109
doomben,20200116
doomben,20200123
doomben,20200130
doomben,20200219
doomben,20200229
doomben,20200304
doomben,20200311
doomben,20200318
doomben,20200328
doomben,20200404
doomben,20200411
doomben,20200418
doomben,20200422
doomben,20200502
doomben,20200509
doomben,20200513
doomben,20200530
doomben,20200603
doomben,20200610
doomben,20200620
doomben,20200627
doomben,20200701
doomben,20200708
doomben,20200729
doomben,20200808
doomben,20200812
doomben,20200822
doomben,20200826
doomben,20200905
doomben,20200912
doomben,20201010
doomben,20201017
doomben,20201024
doomben,20201031
doomben,20201103
doomben,20201107
doomben,20201114
doomben,20201128
doomben,20201205
doomben,20201211
doomben,20201219
doomben,20201223
doomben,20201230
doomben,20210107
doomben,20210123
doomben,20210204
doomben,20210211
doomben,20210213
doomben,20210218
doomben,20210303
doomben,20210317
doomben,20210327
doomben,20210331
doomben,20210405
doomben,20210410
doomben,20210413
doomben,20210424
doomben,20210511
doomben,20210515
doomben,20210522
doomben,20210526
doomben,20210602
doomben,20210608
doomben,20210616
doomben,20210623
doomben,20210710
doomben,20210714
doomben,20210724
doomben,20210728
doomben,20210803
doomben,20210807
doomben,20210811
doomben,20210818
doomben,20210828
doomben,20210831
doomben,20210901
doomben,20210911
doomben,20210914
doomben,20210922
doomben,20210926
doomben,20210928
doomben,20211002
doomben,20211006
doomben,20211013
doomben,20211023
doomben,20211113
doomben,20211117
doomben,20211123
doomben,20211204
doomben,20211207
doomben,20211210
doomben,20211226
doomben,20220101
doomben,20220105
doomben,20220112
doomben,20220115
doomben,20220118
doomben,20220122
doomben,20220205
doomben,20220212
doomben,20220216
doomben,20220217
doomben,20220326
doomben,20220404
doomben,20220409
doomben,20220412
doomben,20220413
doomben,20220423
doomben,20220530
doomben,20220601
doomben,20220607
doomben,20220608
doomben,20220615
doomben,20220622
doomben,20220709
doomben,20220713
doomben,20220723
doomben,20220727
doomben,20220802
doomben,20220806
doomben,20220810
doomben,20220820
doomben,20220903
doomben,20220910
doomben,20220914
doomben,20220921
doomben,20221022
doomben,20221027
doomben,20221105
doomben,20221112
doomben,20221116
doomben,20221122
doomben,20221123
doomben,20221203
doomben,20221209
doomben,20221214
doomben,20221220
doomben,20221224
doomben,20221231
doomben,20230111
doomben,20230117
doomben,20230121
doomben,20230125
doomben,20230201
doomben,20230211
doomben,20230214
doomben,20230215
doomben,20230225
doomben,20230301
doomben,20230308
doomben,20230316
doomben,20230318
doomben,20230322
doomben,20230401
doomben,20230408
doomben,20230411
doomben,20230412
doomben,20230422
doomben,20230509
doomben,20230513
doomben,20230520
doomben,20230524
doomben,20230531
doomben,20230606
doomben,20230607
doomben,20230614
doomben,20230621
doomben,20230704
doomben,20230708
doomben,20230712
doomben,20230722
doomben,20230726
doomben,20230801
doomben,20230802
eagle-farm,20200118
eagle-farm,20200201
eagle-farm,20200208
eagle-farm,20200215
eagle-farm,20200222
eagle-farm,20200307
eagle-farm,20200321
eagle-farm,20200325
eagle-farm,20200523
eagle-farm,20200606
eagle-farm,20200613
eagle-farm,20200704
eagle-farm,20200715
eagle-farm,20200722
eagle-farm,20200801
eagle-farm,20200815
eagle-farm,20200829
eagle-farm,20200902
eagle-farm,20200909
eagle-farm,20200916
eagle-farm,20200923
eagle-farm,20201003
eagle-farm,20201012
eagle-farm,20201016
eagle-farm,20201226
eagle-farm,20210102
eagle-farm,20210114
eagle-farm,20210121
eagle-farm,20210128
eagle-farm,20210206
eagle-farm,20210220
eagle-farm,20210225
eagle-farm,20210306
eagle-farm,20210310
eagle-farm,20210320
eagle-farm,20210403
eagle-farm,20210414
eagle-farm,20210417
eagle-farm,20210501
eagle-farm,20210505
eagle-farm,20210529
eagle-farm,20210605
eagle-farm,20210612
eagle-farm,20210626
eagle-farm,20210630
eagle-farm,20210706
eagle-farm,20210707
eagle-farm,20210717
eagle-farm,20210721
eagle-farm,20210731
eagle-farm,20210804
eagle-farm,20210814
eagle-farm,20210821
eagle-farm,20210904
eagle-farm,20210908
eagle-farm,20210917
eagle-farm,20211009
eagle-farm,20211016
eagle-farm,20211026
eagle-farm,20211030
eagle-farm,20211102
eagle-farm,20211106
eagle-farm,20211211
eagle-farm,20211218
eagle-farm,20220312
eagle-farm,20220316
eagle-farm,20220323
eagle-farm,20220402
eagle-farm,20220416
eagle-farm,20220430
eagle-farm,20220504
eagle-farm,20220514
eagle-farm,20220525
eagle-farm,20220528
eagle-farm,20220604
eagle-farm,20220611
eagle-farm,20220625
eagle-farm,20220629
eagle-farm,20220708
eagle-farm,20220716
eagle-farm,20220730
eagle-farm,20220803
eagle-farm,20220813
eagle-farm,20220827
eagle-farm,20220907
eagle-farm,20221001
eagle-farm,20221004
eagle-farm,20221008
eagle-farm,20221015
eagle-farm,20221026
eagle-farm,20221029
eagle-farm,20221101
eagle-farm,20221210
eagle-farm,20221213
eagle-farm,20221217
eagle-farm,20221221
eagle-farm,20221228
eagle-farm,20230104
eagle-farm,20230204
eagle-farm,20230208
eagle-farm,20230218
eagle-farm,20230222
eagle-farm,20230304
eagle-farm,20230311
eagle-farm,20230315
eagle-farm,20230325
eagle-farm,20230329
eagle-farm,20230415
eagle-farm,20230429
eagle-farm,20230503
eagle-farm,20230527
eagle-farm,20230603
eagle-farm,20230610
eagle-farm,20230624
eagle-farm,20230628
eagle-farm,20230705
eagle-farm,20230715
eagle-farm,20230729
eagle-farm,20230805
gold-coast,20200104
gold-coast,20200111
gold-coast,20200125
gold-coast,20200129
gold-coast,20200201
gold-coast,20200215
gold-coast,20200222
gold-coast,20200229
gold-coast,20200307
gold-coast,20200314
gold-coast,20200321
gold-coast,20200328
gold-coast,20200403
gold-coast,20200409
gold-coast,20200417
gold-coast,20200424
gold-coast,20200501
gold-coast,20200508
gold-coast,20200516
gold-coast,20200522
gold-coast,20200529
gold-coast,20200606
gold-coast,20200612
gold-coast,20200626
gold-coast,20200704
gold-coast,20200711
gold-coast,20200718
gold-coast,20200801
gold-coast,20200808
gold-coast,20200815
gold-coast,20200822
gold-coast,20200829
gold-coast,20200905
gold-coast,20200912
gold-coast,20200919
gold-coast,20200926
gold-coast,20200930
gold-coast,20201003
gold-coast,20201010
gold-coast,20201017
gold-coast,20201024
gold-coast,20201031
gold-coast,20201103
gold-coast,20201107
gold-coast,20201114
gold-coast,20201121
gold-coast,20201128
gold-coast,20201202
gold-coast,20201205
gold-coast,20201212
gold-coast,20201219
gold-coast,20201226
gold-coast,20210109
gold-coast,20210116
gold-coast,20210206
gold-coast,20210213
gold-coast,20210227
gold-coast,20210306
gold-coast,20210313
gold-coast,20210327
gold-coast,20210403
gold-coast,20210410
gold-coast,20210417
gold-coast,20210419
gold-coast,20210424
gold-coast,20210508
gold-coast,20210510
gold-coast,20210512
gold-coast,20210515
gold-coast,20210522
gold-coast,20210529
gold-coast,20210531
gold-coast,20210605
gold-coast,20210612
gold-coast,20210622
gold-coast,20210626
gold-coast,20210717
gold-coast,20210720
gold-coast,20210724
gold-coast,20210731
gold-coast,20210807
gold-coast,20210814
gold-coast,20210816
gold-coast,20210821
gold-coast,20210827
gold-coast,20210904
gold-coast,20210906
gold-coast,20210911
gold-coast,20210918
gold-coast,20211002
gold-coast,20211009
gold-coast,20211016
gold-coast,20211018
gold-coast,20211023
gold-coast,20211030
gold-coast,20211102
gold-coast,20211106
gold-coast,20211109
gold-coast,20211113
gold-coast,20211120
gold-coast,20211129
gold-coast,20211204
gold-coast,20211211
gold-coast,20211218
gold-coast,20211220
gold-coast,20211226
gold-coast,20220104
gold-coast,20220108
gold-coast,20220115
gold-coast,20220124
gold-coast,20220205
gold-coast,20220212
gold-coast,20220214
gold-coast,20220219
gold-coast,20220310
gold-coast,20220312
gold-coast,20220319
gold-coast,20220402
gold-coast,20220404
gold-coast,20220409
gold-coast,20220416
gold-coast,20220419
gold-coast,20220423
gold-coast,20220507
gold-coast,20220519
gold-coast,20220602
gold-coast,20220604
gold-coast,20220611
gold-coast,20220618
gold-coast,20220620
gold-coast,20220625
gold-coast,20220716
gold-coast,20220730
gold-coast,20220806
gold-coast,20220813
gold-coast,20220820
gold-coast,20220826
gold-coast,20220903
gold-coast,20220910
gold-coast,20220917
gold-coast,20220924
gold-coast,20221001
gold-coast,20221008
gold-coast,20221015
gold-coast,20221022
gold-coast,20221029
gold-coast,20221018
gold-coast,20221101
gold-coast,20221105
gold-coast,20221112
gold-coast,20221119
gold-coast,20221126
gold-coast,20221130
gold-coast,20221203
gold-coast,20221208
gold-coast,20221210
gold-coast,20221217
gold-coast,20221229
gold-coast,20230107
gold-coast,20230114
gold-coast,20230119
the-valley,20200124
the-valley,20200207
the-valley,20200214
the-valley,20200221
the-valley,20200228
the-valley,20200313
the-valley,20200320
the-valley,20200613
the-valley,20200712
the-valley,20200801
the-valley,20200905
the-valley,20200925
the-valley,20201002
the-valley,20201023
the-valley,20201024
the-valley,20201030
the-valley,20201113
the-valley,20201120
the-valley,20201128
the-valley,20201204
the-valley,20201211
the-valley,20201218
the-valley,20210115
the-valley,20210122
the-valley,20210205
the-valley,20210212
the-valley,20210219
the-valley,20210226
the-valley,20210313
the-valley,20210319
the-valley,20210331
the-valley,20210731
the-valley,20210821
the-valley,20210904
the-valley,20210924
the-valley,20211001
the-valley,20211022
the-valley,20211023
the-valley,20211112
the-valley,20211119
the-valley,20211126
the-valley,20211203
the-valley,20211210
the-valley,20211217
the-valley,20211231
the-valley,20220122
the-valley,20220129
the-valley,20220204
the-valley,20220211
the-valley,20220218
the-valley,20220225
the-valley,20220304
the-valley,20220318
the-valley,20220325
the-valley,20220730
the-valley,20220820
the-valley,20220903
the-valley,20220923
the-valley,20220930
the-valley,20221021
the-valley,20221022
the-valley,20221028
the-valley,20221111
the-valley,20221118
the-valley,20221202
the-valley,20221209
the-valley,20221216
the-valley,20221224
the-valley,20221231
the-valley,20230121
the-valley,20230128
the-valley,20230203
the-valley,20230210
the-valley,20230217
the-valley,20230224
the-valley,20230305
the-valley,20230318
the-valley,20230324
the-valley,20230729
mornington,20200101
mornington,20200105
mornington,20200124
mornington,20200321
mornington,20200331
mornington,20200412
mornington,20200420
mornington,20200608
mornington,20200827
mornington,20200910
mornington,20200927
mornington,20201008
mornington,20201019
mornington,20201101
mornington,20201118
mornington,20201204
mornington,20201215
mornington,20201227
mornington,20210101
mornington,20210110
mornington,20210122
mornington,20210320
mornington,20210330
mornington,20210404
mornington,20210413
mornington,20210511
mornington,20210614
mornington,20210909
mornington,20210926
mornington,20211007
mornington,20211018
mornington,20211031
mornington,20211118
mornington,20211203
mornington,20211214
mornington,20211229
mornington,20220101
mornington,20220109
mornington,20220129
mornington,20220326
mornington,20220404
mornington,20220417
mornington,20220428
mornington,20220524
mornington,20220613
mornington,20220902
mornington,20220924
mornington,20221006
mornington,20221017
mornington,20221030
mornington,20221117
mornington,20221202
mornington,20221213
mornington,20221228
mornington,20230101
mornington,20230108
mornington,20230122
mornington,20230321
mornington,20230409
mornington,20230422
mornington,20230523
mornington,20230531
mornington,20230612
mornington,20230621
morphettville,20200201
morphettville,20200215
morphettville,20200229
morphettville,20200309
morphettville,20200404
morphettville,20200418
morphettville,20200502
morphettville,20200509
morphettville,20200516
morphettville,20200620
morphettville,20200625
morphettville,20200815
morphettville,20200822
morphettville,20200912
morphettville,20200919
morphettville,20201010
morphettville,20201017
morphettville,20201031
morphettville,20201103
morphettville,20201128
morphettville,20201205
morphettville,20201212
morphettville,20201218
morphettville,20201226
morphettville,20210130
morphettville,20210206
morphettville,20210220
morphettville,20210308
morphettville,20210327
morphettville,20210410
morphettville,20210417
morphettville,20210501
morphettville,20210508
morphettville,20210515
morphettville,20210607
morphettville,20210626
morphettville,20210724
morphettville,20210731
morphettville,20210814
morphettville,20210821
morphettville,20210911
morphettville,20210918
morphettville,20211009
morphettville,20211016
morphettville,20211030
morphettville,20211102
morphettville,20211127
morphettville,20211211
morphettville,20211217
morphettville,20211226
morphettville,20220129
morphettville,20220212
morphettville,20220226
morphettville,20220314
morphettville,20220402
morphettville,20220409
morphettville,20220423
morphettville,20220430
morphettville,20220507
morphettville,20220514
morphettville,20220521
morphettville,20220625
morphettville,20220730
morphettville,20220805
morphettville,20220813
morphettville,20220903
morphettville,20220917
morphettville,20221008
morphettville,20221022
morphettville,20221029
morphettville,20221101
morphettville,20221116
morphettville,20221126
morphettville,20221210
morphettville,20221216
morphettville,20221226
morphettville,20221231
morphettville,20230128
morphettville,20230211
morphettville,20230225
morphettville,20230313
morphettville,20230401
morphettville,20230415
morphettville,20230429
morphettville,20230506
morphettville,20230513
morphettville,20230520
morphettville,20230624
morphettville,20230729
morphettville,20230804
rosehill-gardens,20200118
rosehill-gardens,20200222
rosehill-gardens,20200314
rosehill-gardens,20200321
rosehill-gardens,20200328
rosehill-gardens,20200401
rosehill-gardens,20200425
rosehill-gardens,20200516
rosehill-gardens,20200530
rosehill-gardens,20200613
rosehill-gardens,20200627
rosehill-gardens,20200711
rosehill-gardens,20200725
rosehill-gardens,20200808
rosehill-gardens,20200829
rosehill-gardens,20200912
rosehill-gardens,20200926
rosehill-gardens,20201031
rosehill-gardens,20201107
rosehill-gardens,20201120
rosehill-gardens,20201128
rosehill-gardens,20201205
rosehill-gardens,20210116
rosehill-gardens,20210130
rosehill-gardens,20210220
rosehill-gardens,20210313
rosehill-gardens,20210327
rosehill-gardens,20210403
rosehill-gardens,20210427
rosehill-gardens,20210511
rosehill-gardens,20210515
rosehill-gardens,20210521
rosehill-gardens,20210522
rosehill-gardens,20210604
rosehill-gardens,20210605
rosehill-gardens,20210618
rosehill-gardens,20210619
rosehill-gardens,20210626
rosehill-gardens,20210703
rosehill-gardens,20210716
rosehill-gardens,20210724
rosehill-gardens,20210730
rosehill-gardens,20210813
rosehill-gardens,20210824
rosehill-gardens,20210903
rosehill-gardens,20210914
rosehill-gardens,20210925
rosehill-gardens,20210928
rosehill-gardens,20211006
rosehill-gardens,20211011
rosehill-gardens,20211022
rosehill-gardens,20211030
rosehill-gardens,20211106
rosehill-gardens,20211108
rosehill-gardens,20211117
rosehill-gardens,20211127
rosehill-gardens,20211204
rosehill-gardens,20211214
rosehill-gardens,20220104
rosehill-gardens,20220108
rosehill-gardens,20220115
rosehill-gardens,20220117
rosehill-gardens,20220129
rosehill-gardens,20220131
rosehill-gardens,20220210
rosehill-gardens,20220219
rosehill-gardens,20220221
rosehill-gardens,20220312
rosehill-gardens,20220319
rosehill-gardens,20220322
rosehill-gardens,20220326
rosehill-gardens,20220329
rosehill-gardens,20220506
rosehill-gardens,20220520
rosehill-gardens,20220521
rosehill-gardens,20220604
rosehill-gardens,20220607
rosehill-gardens,20220618
rosehill-gardens,20220620
rosehill-gardens,20220702
rosehill-gardens,20220716
rosehill-gardens,20220729
rosehill-gardens,20220730
rosehill-gardens,20220812
rosehill-gardens,20220813
rosehill-gardens,20220823
rosehill-gardens,20220827
rosehill-gardens,20220906
rosehill-gardens,20220910
rosehill-gardens,20220920
rosehill-gardens,20220924
rosehill-gardens,20220928
rosehill-gardens,20221004
rosehill-gardens,20221021
rosehill-gardens,20221029
rosehill-gardens,20221105
rosehill-gardens,20221116
rosehill-gardens,20221124
rosehill-gardens,20221126
rosehill-gardens,20221203
rosehill-gardens,20221208
rosehill-gardens,20221229
rosehill-gardens,20230107
rosehill-gardens,20230112
rosehill-gardens,20230114
rosehill-gardens,20230127
rosehill-gardens,20230128
rosehill-gardens,20230213
rosehill-gardens,20230218
rosehill-gardens,20230227
rosehill-gardens,20230311
rosehill-gardens,20230313
rosehill-gardens,20230319
rosehill-gardens,20230318
rosehill-gardens,20230325
rosehill-gardens,20230327
rosehill-gardens,20230411
rosehill-gardens,20230428
rosehill-gardens,20230429
rosehill-gardens,20230519
rosehill-gardens,20230520
rosehill-gardens,20230603
rosehill-gardens,20230606
rosehill-gardens,20230617
rosehill-gardens,20230620
rosehill-gardens,20230701
rosehill-gardens,20230704
rosehill-gardens,20230721
rosehill-gardens,20230722
rosehill-gardens,20230805
royal-randwick,20200111
royal-randwick,20200125
royal-randwick,20200201
royal-randwick,20200215
royal-randwick,20200229
royal-randwick,20200307
royal-randwick,20200404
royal-randwick,20200411
royal-randwick,20200418
royal-randwick,20200509
royal-randwick,20200523
royal-randwick,20200606
royal-randwick,20200620
royal-randwick,20200704
royal-randwick,20200801
royal-randwick,20200815
royal-randwick,20200822
royal-randwick,20200905
royal-randwick,20200919
royal-randwick,20201003
royal-randwick,20201010
royal-randwick,20201017
royal-randwick,20201024
royal-randwick,20201103
royal-randwick,20201212
royal-randwick,20201219
royal-randwick,20201226
royal-randwick,20210109
royal-randwick,20210123
royal-randwick,20210206
royal-randwick,20210213
royal-randwick,20210227
royal-randwick,20210306
royal-randwick,20210409
royal-randwick,20210410
royal-randwick,20210417
royal-randwick,20210420
royal-randwick,20210424
royal-randwick,20210503
royal-randwick,20210513
royal-randwick,20210528
royal-randwick,20210529
royal-randwick,20210608
royal-randwick,20210612
royal-randwick,20210621
royal-randwick,20210709
royal-randwick,20210710
royal-randwick,20210717
royal-randwick,20210727
royal-randwick,20210731
royal-randwick,20210806
royal-randwick,20210807
royal-randwick,20210820
royal-randwick,20210821
royal-randwick,20210902
royal-randwick,20210904
royal-randwick,20210910
royal-randwick,20210918
royal-randwick,20210924
royal-randwick,20211002
royal-randwick,20211008
royal-randwick,20211009
royal-randwick,20211016
royal-randwick,20211019
royal-randwick,20211023
royal-randwick,20211029
royal-randwick,20211102
royal-randwick,20211111
royal-randwick,20211123
royal-randwick,20211207
royal-randwick,20211211
royal-randwick,20211218
royal-randwick,20211226
royal-randwick,20220113
royal-randwick,20220122
royal-randwick,20220124
royal-randwick,20220205
royal-randwick,20220207
royal-randwick,20220212
royal-randwick,20220217
royal-randwick,20220226
royal-randwick,20220303
royal-randwick,20220305
royal-randwick,20220318
royal-randwick,20220402
royal-randwick,20220404
royal-randwick,20220409
royal-randwick,20220416
royal-randwick,20220419
royal-randwick,20220423
royal-randwick,20220502
royal-randwick,20220516
royal-randwick,20220528
royal-randwick,20220603
royal-randwick,20220611
royal-randwick,20220614
royal-randwick,20220625
royal-randwick,20220628
royal-randwick,20220708
royal-randwick,20220709
royal-randwick,20220723
royal-randwick,20220726
royal-randwick,20220802
royal-randwick,20220806
royal-randwick,20220819
royal-randwick,20220820
royal-randwick,20220903
royal-randwick,20220913
royal-randwick,20220917
royal-randwick,20220919
royal-randwick,20220926
royal-randwick,20221001
royal-randwick,20221008
royal-randwick,20221010
royal-randwick,20221015
royal-randwick,20221022
royal-randwick,20221028
royal-randwick,20221101
royal-randwick,20221114
royal-randwick,20221210
royal-randwick,20221213
royal-randwick,20221217
royal-randwick,20221224
royal-randwick,20221226
royal-randwick,20221231
royal-randwick,20230109
royal-randwick,20230121
royal-randwick,20230123
royal-randwick,20230204
royal-randwick,20230206
royal-randwick,20230211
royal-randwick,20230220
royal-randwick,20230225
royal-randwick,20230304
royal-randwick,20230307
royal-randwick,20230321
royal-randwick,20230401
royal-randwick,20230403
royal-randwick,20230408
royal-randwick,20230415
royal-randwick,20230418
royal-randwick,20230501
royal-randwick,20230515
royal-randwick,20230527
royal-randwick,20230602
royal-randwick,20230610
royal-randwick,20230613
royal-randwick,20230624
royal-randwick,20230630
royal-randwick,20230708
royal-randwick,20230714
royal-randwick,20230715
royal-randwick,20230728
royal-randwick,20230729
ladbrokes-park-hillside,20200219
ladbrokes-park-hillside,20200226
ladbrokes-park-hillside,20200311
ladbrokes-park-hillside,20200318
ladbrokes-park-hillside,20200325
ladbrokes-park-hillside,20200429
ladbrokes-park-hillside,20200513
ladbrokes-park-hillside,20200617
ladbrokes-park-hillside,20200624
ladbrokes-park-hillside,20200722
ladbrokes-park-hillside,20200812
ladbrokes-park-hillside,20200826
ladbrokes-park-hillside,20200909
ladbrokes-park-hillside,20201114
ladbrokes-park-hillside,20201125
ladbrokes-park-hillside,20201202
ladbrokes-park-hillside,20201209
ladbrokes-park-hillside,20210123
ladbrokes-park-hillside,20210203
ladbrokes-park-hillside,20210210
ladbrokes-park-hillside,20210217
ladbrokes-park-hillside,20210224
ladbrokes-park-hillside,20210331
ladbrokes-park-hillside,20210405
ladbrokes-park-hillside,20210501
ladbrokes-park-hillside,20210526
ladbrokes-park-hillside,20210602
ladbrokes-park-hillside,20210612
ladbrokes-park-hillside,20210707
ladbrokes-park-hillside,20210714
ladbrokes-park-hillside,20210811
ladbrokes-park-hillside,20210818
ladbrokes-park-hillside,20210821
ladbrokes-park-hillside,20210822
ladbrokes-park-hillside,20210908
ladbrokes-park-hillside,20210925
ladbrokes-park-hillside,20211208
ladbrokes-park-hillside,20211215
ladbrokes-park-hillside,20211222
ladbrokes-park-hillside,20220103
ladbrokes-park-hillside,20220105
ladbrokes-park-hillside,20220209
ladbrokes-park-hillside,20220216
ladbrokes-park-hillside,20220223
ladbrokes-park-hillside,20220302
ladbrokes-park-hillside,20220309
ladbrokes-park-hillside,20220316
ladbrokes-park-hillside,20220323
ladbrokes-park-hillside,20220330
ladbrokes-park-hillside,20220430
ladbrokes-park-hillside,20220511
ladbrokes-park-hillside,20220611
ladbrokes-park-hillside,20220615
ladbrokes-park-hillside,20220713
ladbrokes-park-hillside,20220720
ladbrokes-park-hillside,20220727
ladbrokes-park-hillside,20220810
ladbrokes-park-hillside,20220907
ladbrokes-park-hillside,20220914
ladbrokes-park-hillside,20220925
ladbrokes-park-hillside,20221207
ladbrokes-park-hillside,20221210
ladbrokes-park-hillside,20221226
ladbrokes-park-hillside,20230107
ladbrokes-park-hillside,20230118
ladbrokes-park-hillside,20230126
ladbrokes-park-hillside,20230204
ladbrokes-park-hillside,20230211
ladbrokes-park-hillside,20230215
ladbrokes-park-hillside,20230315
ladbrokes-park-hillside,20230322
ladbrokes-park-hillside,20230329
ladbrokes-park-hillside,20230419
ladbrokes-park-hillside,20230429
ladbrokes-park-hillside,20230506
ladbrokes-park-hillside,20230510
ladbrokes-park-hillside,20230527
ladbrokes-park-hillside,20230610
ladbrokes-park-hillside,20230614
ladbrokes-park-hillside,20230719
ladbrokes-park-hillside,20230726
ladbrokes-park-hillside,20230809
ladbrokes-park-lakeside,20200108
ladbrokes-park-lakeside,20200122
ladbrokes-park-lakeside,20200127
ladbrokes-park-lakeside,20200212
ladbrokes-park-lakeside,20200401
ladbrokes-park-lakeside,20200408
ladbrokes-park-lakeside,20200413
ladbrokes-park-lakeside,20200502
ladbrokes-park-lakeside,20200524
ladbrokes-park-lakeside,20200603
ladbrokes-park-lakeside,20200701
ladbrokes-park-lakeside,20200708
ladbrokes-park-lakeside,20200802
ladbrokes-park-lakeside,20200819
ladbrokes-park-lakeside,20201223
ladbrokes-park-lakeside,20210106
ladbrokes-park-lakeside,20210120
ladbrokes-park-lakeside,20210303
ladbrokes-park-lakeside,20210310
ladbrokes-park-lakeside,20210317
ladbrokes-park-lakeside,20210324
ladbrokes-park-lakeside,20210523
ladbrokes-park-lakeside,20210616
ladbrokes-park-lakeside,20210630
ladbrokes-park-lakeside,20210721
ladbrokes-park-lakeside,20210801
ladbrokes-park-lakeside,20210825
ladbrokes-park-lakeside,20210901
ladbrokes-park-lakeside,20211117
ladbrokes-park-lakeside,20211124
ladbrokes-park-lakeside,20220119
ladbrokes-park-lakeside,20220202
ladbrokes-park-lakeside,20220406
ladbrokes-park-lakeside,20220418
ladbrokes-park-lakeside,20220522
ladbrokes-park-lakeside,20220601
ladbrokes-park-lakeside,20220629
ladbrokes-park-lakeside,20220706
ladbrokes-park-lakeside,20220807
ladbrokes-park-lakeside,20220824
ladbrokes-park-lakeside,20220831
ladbrokes-park-lakeside,20221116
ladbrokes-park-lakeside,20221123
ladbrokes-park-lakeside,20221214
ladbrokes-park-lakeside,20221221
ladbrokes-park-lakeside,20230111
ladbrokes-park-lakeside,20230225
ladbrokes-park-lakeside,20230301
ladbrokes-park-lakeside,20230308
ladbrokes-park-lakeside,20230408
ladbrokes-park-lakeside,20230410
ladbrokes-park-lakeside,20230415
ladbrokes-park-lakeside,20230521
ladbrokes-park-lakeside,20230628
ladbrokes-park-lakeside,20230705
ladbrokes-park-lakeside,20230712
ladbrokes-park-lakeside,20230806
sunshine-coast,20200105
sunshine-coast,20200110
sunshine-coast,20200112
sunshine-coast,20200119
sunshine-coast,20200125
sunshine-coast,20200127
sunshine-coast,20200202
sunshine-coast,20200216
sunshine-coast,20200221
sunshine-coast,20200225
sunshine-coast,20200227
sunshine-coast,20200301
sunshine-coast,20200306
sunshine-coast,20200308
sunshine-coast,20200320
sunshine-coast,20200401
sunshine-coast,20200408
sunshine-coast,20200415
sunshine-coast,20200417
sunshine-coast,20200425
sunshine-coast,20200429
sunshine-coast,20200501
sunshine-coast,20200506
sunshine-coast,20200515
sunshine-coast,20200520
sunshine-coast,20200527
sunshine-coast,20200529
sunshine-coast,20200621
sunshine-coast,20200628
sunshine-coast,20200705
sunshine-coast,20200711
sunshine-coast,20200719
sunshine-coast,20200802
sunshine-coast,20200805
sunshine-coast,20200809
sunshine-coast,20200823
sunshine-coast,20200830
sunshine-coast,20200906
sunshine-coast,20200911
sunshine-coast,20200913
sunshine-coast,20200920
sunshine-coast,20200925
sunshine-coast,20200927
sunshine-coast,20201004
sunshine-coast,20201009
sunshine-coast,20201011
sunshine-coast,20201018
sunshine-coast,20201023
sunshine-coast,20201025
sunshine-coast,20201103
sunshine-coast,20201106
sunshine-coast,20201108
sunshine-coast,20201113
sunshine-coast,20201121
sunshine-coast,20201127
sunshine-coast,20201204
sunshine-coast,20201206
sunshine-coast,20201213
sunshine-coast,20201218
sunshine-coast,20201220
sunshine-coast,20201227
sunshine-coast,20210103
sunshine-coast,20210108
sunshine-coast,20210110
sunshine-coast,20210117
sunshine-coast,20210122
sunshine-coast,20210124
sunshine-coast,20210230
sunshine-coast,20210205
sunshine-coast,20210207
sunshine-coast,20210214
sunshine-coast,20210219
sunshine-coast,20210227
sunshine-coast,20210228
sunshine-coast,20210307
sunshine-coast,20210312
sunshine-coast,20210314
sunshine-coast,20210319
sunshine-coast,20210328
sunshine-coast,20210404
sunshine-coast,20210411
sunshine-coast,20210418
sunshine-coast,20210421
sunshine-coast,20210430
sunshine-coast,20210509
sunshine-coast,20210516
sunshine-coast,20210523
sunshine-coast,20210528
sunshine-coast,20210601
sunshine-coast,20210604
sunshine-coast,20210609
sunshine-coast,20210613
sunshine-coast,20210618
sunshine-coast,20210711
sunshine-coast,20210713
sunshine-coast,20210718
sunshine-coast,20210725
sunshine-coast,20210727
sunshine-coast,20210801
sunshine-coast,20210808
sunshine-coast,20210815
sunshine-coast,20210822
sunshine-coast,20210824
sunshine-coast,20210829
sunshine-coast,20210905
sunshine-coast,20210912
sunshine-coast,20210919
sunshine-coast,20210921
sunshine-coast,20210924
sunshine-coast,20211003
sunshine-coast,20211008
sunshine-coast,20211010
sunshine-coast,20211017
sunshine-coast,20211022
sunshine-coast,20211024
sunshine-coast,20211102
sunshine-coast,20211105
sunshine-coast,20211107
sunshine-coast,20211112
sunshine-coast,20211116
sunshine-coast,20211120
sunshine-coast,20211128
sunshine-coast,20211203
sunshine-coast,20211205
sunshine-coast,20211212
sunshine-coast,20211214
sunshine-coast,20211217
sunshine-coast,20211219
sunshine-coast,20211222
sunshine-coast,20211227
sunshine-coast,20220102
sunshine-coast,20220107
sunshine-coast,20220109
sunshine-coast,20220111
sunshine-coast,20220116
sunshine-coast,20220121
sunshine-coast,20220123
sunshine-coast,20220129
sunshine-coast,20220204
sunshine-coast,20220206
sunshine-coast,20220213
sunshine-coast,20220218
sunshine-coast,20220219
sunshine-coast,20220306
sunshine-coast,20220313
sunshine-coast,20220318
sunshine-coast,20220320
sunshine-coast,20220327
sunshine-coast,20220401
sunshine-coast,20220403
sunshine-coast,20220410
sunshine-coast,20220417
sunshine-coast,20220424
sunshine-coast,20220429
sunshine-coast,20220508
sunshine-coast,20220603
sunshine-coast,20220605
sunshine-coast,20220612
sunshine-coast,20220617
sunshine-coast,20220619
sunshine-coast,20220702
sunshine-coast,20220717
sunshine-coast,20220724
sunshine-coast,20220731
sunshine-coast,20220807
sunshine-coast,20220814
sunshine-coast,20220904
sunshine-coast,20220911
sunshine-coast,20220918
sunshine-coast,20220923
sunshine-coast,20220925
sunshine-coast,20220928
sunshine-coast,20221002
sunshine-coast,20221007
sunshine-coast,20221009
sunshine-coast,20221016
sunshine-coast,20221018
sunshine-coast,20221021
sunshine-coast,20221101
sunshine-coast,20221106
sunshine-coast,20221111
sunshine-coast,20221119
sunshine-coast,20221125
sunshine-coast,20221127
sunshine-coast,20221202
sunshine-coast,20221204
sunshine-coast,20221211
sunshine-coast,20221213
sunshine-coast,20221216
sunshine-coast,20221218
sunshine-coast,20221223
sunshine-coast,20221226
sunshine-coast,20230101
sunshine-coast,20230106
sunshine-coast,20230108
sunshine-coast,20230115
sunshine-coast,20230120
sunshine-coast,20230122
sunshine-coast,20230128
sunshine-coast,20230203
sunshine-coast,20230205
sunshine-coast,20230207
sunshine-coast,20230212
sunshine-coast,20230217
sunshine-coast,20230219
sunshine-coast,20230226
sunshine-coast,20230303
sunshine-coast,20230305
sunshine-coast,20230312
sunshine-coast,20230319
sunshine-coast,20230324
sunshine-coast,20230326
sunshine-coast,20230402
sunshine-coast,20230404
sunshine-coast,20230409
sunshine-coast,20230414
sunshine-coast,20230416
sunshine-coast,20230423
sunshine-coast,20230506
sunshine-coast,20230514
sunshine-coast,20230521
sunshine-coast,20230526
sunshine-coast,20230528
sunshine-coast,20230602
sunshine-coast,20230611
sunshine-coast,20230616
sunshine-coast,20230618
sunshine-coast,20230701
sunshine-coast,20230709
sunshine-coast,20230716
sunshine-coast,20230723
sunshine-coast,20230730
sunshine-coast,20230806
warwick-farm,20200108
warwick-farm,20200115
warwick-farm,20200127
warwick-farm,20200212
warwick-farm,20200311
warwick-farm,20200325
warwick-farm,20200408
warwick-farm,20200413
warwick-farm,20200429
warwick-farm,20200513
warwick-farm,20200608
warwick-farm,20200617
warwick-farm,20200708
warwick-farm,20200729
warwick-farm,20200812
warwick-farm,20200902
warwick-farm,20200916
warwick-farm,20201007
warwick-farm,20201014
warwick-farm,20201125
warwick-farm,20201209
warwick-farm,20201223
warwick-farm,20210106
warwick-farm,20210113
warwick-farm,20210126
warwick-farm,20210210
warwick-farm,20210303
warwick-farm,20210331
warwick-farm,20210401
warwick-farm,20210416
warwick-farm,20210428
warwick-farm,20210430
warwick-farm,20210507
warwick-farm,20210512
warwick-farm,20210517
warwick-farm,20210602
warwick-farm,20210611
warwick-farm,20210614
warwick-farm,20210625
warwick-farm,20210630
warwick-farm,20210706
warwick-farm,20210723
warwick-farm,20210803
warwick-farm,20210809
warwick-farm,20210817
warwick-farm,20210830
warwick-farm,20210907
warwick-farm,20210921
warwick-farm,20211004
warwick-farm,20211005
warwick-farm,20211013
warwick-farm,20211015
warwick-farm,20211103
warwick-farm,20211116
warwick-farm,20211201
warwick-farm,20211202
warwick-farm,20211208
warwick-farm,20211216
warwick-farm,20211222
warwick-farm,20211230
warwick-farm,20220105
warwick-farm,20220110
warwick-farm,20220112
warwick-farm,20220120
warwick-farm,20220126
warwick-farm,20220204
warwick-farm,20220209
warwick-farm,20220214
warwick-farm,20220218
warwick-farm,20220311
warwick-farm,20220314
warwick-farm,20220323
warwick-farm,20220325
warwick-farm,20220401
warwick-farm,20220408
warwick-farm,20220411
warwick-farm,20220418
warwick-farm,20220422
warwick-farm,20220427
warwick-farm,20220509
warwick-farm,20220511
warwick-farm,20220527
warwick-farm,20220601
warwick-farm,20220610
warwick-farm,20220613
warwick-farm,20220624
warwick-farm,20220706
warwick-farm,20220713
warwick-farm,20220715
warwick-farm,20220722
warwick-farm,20220727
warwick-farm,20220805
warwick-farm,20220815
warwick-farm,20220829
warwick-farm,20220831
warwick-farm,20220909
warwick-farm,20220914
warwick-farm,20220923
warwick-farm,20221003
warwick-farm,20221007
warwick-farm,20221012
warwick-farm,20221018
warwick-farm,20221019
warwick-farm,20221104
warwick-farm,20221118
warwick-farm,20221123
warwick-farm,20221205
warwick-farm,20221207
warwick-farm,20221221
warwick-farm,20221223
warwick-farm,20230105
warwick-farm,20230104
warwick-farm,20230111
warwick-farm,20230116
warwick-farm,20230126
warwick-farm,20230130
warwick-farm,20230208
warwick-farm,20230216
warwick-farm,20230222
warwick-farm,20230301
warwick-farm,20230410
warwick-farm,20230414
warwick-farm,20230419
warwick-farm,20230421
warwick-farm,20230509
warwick-farm,20230517
warwick-farm,20230526
warwick-farm,20230531
warwick-farm,20230609
warwick-farm,20230612
warwick-farm,20230628
warwick-farm,20230707
warwick-farm,20230719
warwick-farm,20230724
warwick-farm,20230804
warwick-farm,20230809
