jockey_page,jockey_name
J.Bowditch
C.Hefel
C.Hefel
C.Hefel
C.Hefel
""
C.Hefel
""
""
""
J.Bowditch
J.Bowditch
J.Bowditch
J.Bowditch
""
J.Bowditch
""
""
B.Higgins
D.Thornton
A.Bryan
""
D.Oliver
J.McNeil
B.Allen
B.Allen
J.Bowditch
E.M.Brown
A.Lynch
M.T.Aitken
D.Bates
""
D.Holland
""
""
""
D.Oliver
""
""
T.J.Bull
L.Riordan
L.Riordan
J.McNeil
""
J.C.Maskiell
C.Newitt
B.Mertens
T.Pannell
D.Moor
""
""
D.W.Stackhouse
""
D.W.Stackhouse
D.W.Stackhouse
D.Moor
D.Moor
D.W.Stackhouse
L.Overall
""
""
""
D.W.Stackhouse
D.W.Stackhouse
D.W.Stackhouse
D.W.Stackhouse
B.Mertens
B.Mertens
B.Mertens
D.Bates
J.Allen
J.Allen
B.McDougall
""
""
""
D.W.Stackhouse
""
""
""
""
